configuration	runs	median_MiB_s	min_MiB_s	max_MiB_s
get_100MiB_c8	3	933.10	931.41	934.04
get_16MiB_c8	3	922.29	919.63	925.42
get_1MiB_c1	3	90.35	85.34	92.07
get_1MiB_c16	3	708.01	690.93	718.93
get_1MiB_c4	3	359.15	347.61	364.10
get_1MiB_c64	3	720.96	685.32	787.00
get_1MiB_c8	3	592.05	585.18	595.23
get_50KiB_c8	3	80.52	79.63	81.61
mixed_1MiB_c16	3	225.18	213.06	237.24
put_100MiB_c8	3	216.17	214.66	218.18
put_16MiB_c8	3	200.30	198.82	204.52
put_1MiB_c1	3	19.54	18.87	19.66
put_1MiB_c16	3	109.36	108.47	110.75
put_1MiB_c4	3	58.32	55.90	58.66
put_1MiB_c64	3	130.29	128.95	136.93
put_1MiB_c8	3	86.70	80.83	87.35
put_50KiB_c8	3	7.49	6.76	7.50
