configuration	node	cpu_busy	iowait	rd_MiBs	wr_MiBs	net_rx_MiBs	net_tx_MiBs
get_100MiB_c8	ceph1	40.8	7.9	554.8	0.1	328.0	660.9
get_100MiB_c8	ceph2	69.7	5.2	553.6	0.1	995.7	323.1
get_100MiB_c8	debian	41.9	7.4	554.2	0.0	318.4	657.7
get_16MiB_c8	ceph1	44.1	9.1	565.7	0.0	336.9	653.3
get_16MiB_c8	ceph2	70.1	6.1	563.5	0.1	968.8	332.7
get_16MiB_c8	debian	46.0	8.5	565.5	0.0	330.5	651.6
get_1MiB_c1	ceph1	14.1	3.4	22.8	0.1	35.8	62.3
get_1MiB_c1	ceph2	19.2	3.7	22.7	0.2	88.6	35.8
get_1MiB_c1	debian	16.4	4.1	23.0	0.1	35.8	62.2
get_1MiB_c16	ceph1	62.4	1.6	25.9	0.6	265.3	476.7
get_1MiB_c16	ceph2	76.6	1.1	25.8	0.6	693.3	265.8
get_1MiB_c16	debian	61.9	1.5	25.8	0.6	264.2	479.6
get_1MiB_c4	ceph1	41.5	2.4	25.6	0.2	136.3	244.7
get_1MiB_c4	ceph2	50.3	2.3	25.6	0.2	354.8	136.2
get_1MiB_c4	debian	41.8	2.6	25.6	0.2	135.3	244.9
get_1MiB_c64	ceph1	62.1	1.3	25.5	0.6	262.2	497.5
get_1MiB_c64	ceph2	78.6	1.2	25.5	0.7	716.8	264.3
get_1MiB_c64	debian	63.2	1.6	25.4	0.6	267.9	501.9
get_1MiB_c8	ceph1	55.8	2.2	25.6	0.7	225.1	402.6
get_1MiB_c8	ceph2	68.9	1.7	25.7	0.8	582.3	223.4
get_1MiB_c8	debian	55.7	2.0	25.7	0.7	221.2	401.5
get_50KiB_c8	ceph1	70.3	2.0	10.3	0.8	36.0	58.5
get_50KiB_c8	ceph2	83.2	2.1	10.8	0.7	77.0	42.3
get_50KiB_c8	debian	72.2	1.9	10.5	0.8	41.0	53.0
mixed_1MiB_c16	ceph1	68.2	1.5	2.3	47.6	87.8	102.5
mixed_1MiB_c16	ceph2	75.8	0.9	2.6	48.1	134.4	103.9
mixed_1MiB_c16	debian	66.8	1.6	2.4	47.4	87.0	102.5
put_100MiB_c8	ceph1	58.5	5.0	0.0	134.1	157.8	95.7
put_100MiB_c8	ceph2	90.9	1.5	0.0	134.8	93.4	220.7
put_100MiB_c8	debian	57.7	5.0	0.0	134.1	156.6	91.1
put_16MiB_c8	ceph1	53.2	5.5	0.0	117.3	136.2	79.8
put_16MiB_c8	ceph2	84.7	3.1	0.1	117.2	79.2	193.7
put_16MiB_c8	debian	51.5	5.8	0.0	117.3	135.7	77.7
put_1MiB_c1	ceph1	23.7	4.2	0.0	13.2	13.5	8.1
put_1MiB_c1	ceph2	29.4	4.1	0.0	13.3	8.2	18.8
put_1MiB_c1	debian	23.9	4.2	0.0	13.1	13.6	8.3
put_1MiB_c16	ceph1	56.9	1.8	0.1	51.4	48.6	30.8
put_1MiB_c16	ceph2	63.6	1.0	0.2	50.5	30.8	66.2
put_1MiB_c16	debian	57.3	1.9	0.2	50.2	48.7	31.0
put_1MiB_c4	ceph1	50.7	4.0	0.0	34.2	33.0	20.1
put_1MiB_c4	ceph2	57.4	3.5	0.0	33.9	20.0	45.8
put_1MiB_c4	debian	48.0	4.1	0.0	33.8	32.9	19.8
put_1MiB_c64	ceph1	57.0	1.2	0.1	58.9	54.1	36.9
put_1MiB_c64	ceph2	62.8	0.8	0.1	59.3	36.5	71.5
put_1MiB_c64	debian	54.8	1.3	0.1	60.3	53.9	36.1
put_1MiB_c8	ceph1	55.8	2.8	0.1	47.3	42.3	26.5
put_1MiB_c8	ceph2	62.4	2.0	0.0	48.3	26.0	58.1
put_1MiB_c8	debian	54.0	2.8	0.0	47.7	42.1	25.7
put_50KiB_c8	ceph1	54.1	1.3	0.0	15.0	17.6	17.5
put_50KiB_c8	ceph2	63.5	0.8	0.0	14.8	17.4	18.8
put_50KiB_c8	debian	60.4	0.8	0.0	14.6	17.8	16.6
